S.No,Name,StartDate,EndDate,Education,Experience,Division,Location,Date,Location
1,"Prateek Pandey",2018-06-05,2018-07-17,Btech,0years-7months,ED;EN;IT;,GWH;BNG;CHN;,2018/07/12,Delhi
2,"Prateek Pandey",2018-06-05,2018-07-17,Btech,0years-7months,ED;EN;IT;,GWH;BNG;CHN;,2018/07/12,Delhi
3,"Prateek Pandey",2018-06-05,2018-07-17,Btech,0years-7months,ED;EN;IT;,GWH;BNG;CHN;,2018/07/12,Delhi
4,"Prateek Pandey",2018-06-05,2018-07-17,Btech,0years-7months,ED;EN;IT;,GWH;BNG;CHN;,2018/07/12,Delhi
5,"Prateek Pandey",2018-06-05,2018-07-17,Btech,0years-7months,ED;EN;IT;,GWH;BNG;CHN;,2018/07/12,Delhi
6,"Prateek Pandey",2018-06-05,2018-07-17,Btech,0years-7months,ED;EN;IT;,GWH;BNG;CHN;,2018/07/12,Delhi
7,"Prateek Pandey",2018-06-05,2018-07-17,Btech,0years-7months,ED;EN;IT;,GWH;BNG;CHN;,2018/07/12,Delhi
8,"Prateek Pandey",2018-06-05,2018-07-17,Btech,0years-7months,ED;EN;IT;,GWH;BNG;CHN;,2018/07/12,Delhi
9,"Prateek Pandey",2018-06-05,2018-07-17,Btech,0years-7months,ED;EN;IT;,GWH;BNG;CHN;,2018/07/12,Delhi
10,"Prateek Pandey",2018-06-05,2018-07-17,Btech,0years-7months,ED;EN;IT;,GWH;BNG;CHN;,2018/07/12,Delhi
11,"Prateek Pandey",2018-06-05,2018-07-17,Btech,0years-7months,ED;EN;IT;,GWH;BNG;CHN;,2018/07/12,Delhi
12,"Prateek Pandey",2018-06-05,2018-07-17,Btech,0years-7months,ED;EN;IT;,GWH;BNG;CHN;,2018/07/12,Delhi
13,"Prateek Pandey",2018-06-05,2018-07-17,Btech,0years-7months,ED;EN;IT;,GWH;BNG;CHN;,2018/07/12,Delhi
14,"Prateek Pandey",2018-06-05,2018-07-17,Btech,0years-7months,ED;EN;IT;,GWH;BNG;CHN;,2018/07/12,Delhi
